{
  "player_build_data": [
    {
      "type": "playerBuildTimingData",
      "msg": {
        "build_event_id": "52d04c957ab94dd4fad8dee4fd439bfc",
        "build_player": 28594,
        "preprocess_player": 130,
        "produce_player_script_assemblies": 8836,
        "build_scripts_dlls": 1157,
        "writing_asset_files": 805,
        "postprocess_built_player": 11904,
        "node_summary_table": [
          {
            "name": "Csc",
            "duration": 462
          }
        ]
      },
      "version": 1
    }
  ]
}